sizes_knn_seq_ran,times_knn_seq_ran
1000,0.14722251892089844
34516,0.13789629936218262
68033,0.248396635055542
101550,0.6768448352813721
135067,0.6431365013122559
168584,0.6582517623901367
202101,0.8880941867828369
235618,0.385998249053955
269135,1.1293084621429443
302652,1.5137875080108643
